{"size":5303,"listaRisultati":[
    {"idPuntoVendita":4813,"denominazione":" BERTAGNOLI ISIDORO MOTOCICLIDORO","indirizzo":"VIA VALPANTENA 18","cap":"37142",
"comune":"VERONA","codProvincia":"VR","urlSito":"MOTOCICLIDORO.IT","telefonoPrincipale":"0458700094","telefonoSecondario":null,"email":"MOTOCICLIDORO@GMAIL.COM",
"latitudine":null,"longitudine":null,"flagFisicoOnline":false,"idEsercente":1567,"ragioneSociale":"BERTAGNOLI F.LLI SNC DI PAOLO E ISIDORO"},
    {"idPuntoVendita":7047,"denominazione":" BRICO IO GROTTAMMARE","indirizzo":"VIA GIOVANNI PASCOLI","cap":"63066","comune":"GROTTAMMARE","codProvincia":"AP","urlSito":"WWW.BRICOIO.IT",
"telefonoPrincipale":"0735584131","telefonoSecondario":null,"email":"GROTTAMMARE@BRICOIO.IT","latitudine":"42.96367","longitudine":"13.87499","flagFisicoOnline":false,
"idEsercente":2439,"ragioneSociale":"BRICO IO S.P.A."},
    {"idPuntoVendita":4810,"denominazione":" CONAD - NORDOVESTINSIEME ","indirizzo":"STRADA COMUNALE DI ALTESSANO 129 ","cap":"10151","comune":"TORINO","codProvincia":"TO","urlSito":null,
"telefonoPrincipale":"0114200301","telefonoSecondario":null,"email":null,"latitudine":null,"longitudine":null,"flagFisicoOnline":false,"idEsercente":1391,"ragioneSociale":"NORDOVEST INSIEME S.R.L."},
    {"idPuntoVendita":4809,"denominazione":" CONAD - NORDOVESTINSIEME ","indirizzo":"PORTO TORRES SNC","cap":"07100","comune":"SASSARI","codProvincia":"SS","urlSito":null,"telefonoPrincipale":null,
"telefonoSecondario":null,"email":"095725_UFF@CONADNORDOVEST.IT","latitudine":null,"longitudine":null,"flagFisicoOnline":false,"idEsercente":1391,"ragioneSociale":"NORDOVEST INSIEME S.R.L."},
    {"idPuntoVendita":4806,"denominazione":" CONAD - NORDOVESTINSIEME ","indirizzo":"SA MARINEDDA SNC","cap":"07026","comune":"OLBIA","codProvincia":"SS","urlSito":null,"telefonoPrincipale":"0789646033",
"telefonoSecondario":null,"email":"094686_UFF@CONADNORDOVEST.IT","latitudine":null,"longitudine":null,"flagFisicoOnline":false,"idEsercente":1391,"ragioneSociale":"NORDOVEST INSIEME S.R.L."},
    {"idPuntoVendita":4811,"denominazione":" CONAD - NORDOVESTINSIEME ","indirizzo":"CORSO SUSA 305/307","cap":"10098","comune":"RIVOLI","codProvincia":"TO","urlSito":null,"telefonoPrincipale":"0119502870",
"telefonoSecondario":null,"email":"094544_UFF@CONADNORDOVEST.IT","latitudine":null,"longitudine":null,"flagFisicoOnline":false,"idEsercente":1391,"ragioneSociale":"NORDOVEST INSIEME S.R.L."},
    {"idPuntoVendita":4812,"denominazione":" CONAD - NORDOVESTINSIEME ","indirizzo":"CORSO GIUSEPPE GARIBALDI","cap":"10078","comune":"VENARIA REALE","codProvincia":"TO","urlSito":null,"telefonoPrincipale":null,
"telefonoSecondario":null,"email":"095918_UFF@CONADNORDOVEST.IT","latitudine":"45.11376","longitudine":"7.64449","flagFisicoOnline":false,"idEsercente":1391,"ragioneSociale":"NORDOVEST INSIEME S.R.L."},
    {"idPuntoVendita":2485,"denominazione":" E.T. CAPITAL SRL","indirizzo":"VIA TIBURTINA 545/E","cap":"00159","comune":"ROMA","codProvincia":"RM","urlSito":null,"telefonoPrincipale":"064393404",
"telefonoSecondario":"3343350777","email":"AMMINISTRAZIONE@ETCAPITAL.IT","latitudine":"41.90874","longitudine":"12.54278","flagFisicoOnline":false,"idEsercente":719,"ragioneSociale":"E.T. CAPITAL SRL"},
    {"idPuntoVendita":6575,"denominazione":" GOMARASCA BICICLETTE","indirizzo":null,"cap":null,"comune":null,"codProvincia":null,"urlSito":"WWW.GOMARASCABICICLETTE.IT","telefonoPrincipale":"029528107","telefonoSecondario":null,
"email":"GOMARASCA.BICICLETTE@GMAIL.COM","latitudine":null,"longitudine":null,"flagFisicoOnline":true,"idEsercente":925,"ragioneSociale":"GOMARASCA BICICLETE SPORTIVE DI GOMARASCA MARINA"},
    {"idPuntoVendita":1732,"denominazione":" IN BICI DI ARITO ENRICO","indirizzo":"VIA NAZIONALE 410","cap":"64026","comune":"ROSETO DEGLI ABRUZZI","codProvincia":"TE","urlSito":"WWW.INBICIWEB.IT","telefonoPrincipale":"0859040691","telefonoSecondario":"3455358744",
"email":"INFO@INBICIWEB.IT","latitudine":"42.66967","longitudine":"14.02032","flagFisicoOnline":false,"idEsercente":270,"ragioneSociale":"IN BICI DI ARITO ENRICO"}]}